<?xml version="1.0" encoding="UTF-8"?>
<!DOCTYPE hibernate-mapping PUBLIC "-//Hibernate/Hibernate Mapping DTD 3.0//EN" "http://hibernate.sourceforge.net/hibernate-mapping-3.0.dtd">

<hibernate-mapping>
  <class name="agro.entidades.Campo" table="campo">
   <id name="id" column="idCampo" >
          <generator class="increment" />
  </id>      
  <property name="nombre" />
  <property name="superficie" />
 
  <many-to-one name="estado" class="agro.entidades.EstadoCampo" column="idestadoCampo" lazy="false" ></many-to-one>  

  <bag name="lotes" cascade="all" >
    <key column="idCampo" not-null="true"/>
    <one-to-many class="agro.entidades.Lote"/>
  </bag> 
 
  </class>
 </hibernate-mapping>
