<?xml version="1.0" encoding="UTF-8"?>
<!DOCTYPE hibernate-mapping PUBLIC "-//Hibernate/Hibernate Mapping DTD 3.0//EN" "http://hibernate.sourceforge.net/hibernate-mapping-3.0.dtd">

<hibernate-mapping>
  <class name="agro.entidades.Lote" table="lote">
  <id name="id" column="idLote">
    <generator class="increment" />
  </id>      
  <property name="numero" />
  <property name="superficie" />
  <many-to-one name="suelo" class="agro.entidades.TipoSuelo" column="idTipoSuelo"></many-to-one>
  </class>
</hibernate-mapping>
