<?xml version="1.0" encoding="UTF-8"?>
<!DOCTYPE hibernate-mapping PUBLIC "-//Hibernate/Hibernate Mapping DTD 3.0//EN" "http://hibernate.sourceforge.net/hibernate-mapping-3.0.dtd">
<hibernate-mapping>
    <class name="agro.entidades.TipoSuelo" table="tiposuelo">
        <id name="id" column="id_tipo_suelo" >
            <generator class="assigned"></generator> 
        </id>      
        <property name="numero" column ="numero" type="string"/>
        <property name="descripcion" column ="descripcion" type="string"/>

        <bag name="cultivos" table= "tiposuelo_has_cultivo" cascade="save-update">
            <key column="idTipoSuelo" />
            <many-to-many class="agro.entidades.Cultivo" column="idCultivo" />
        </bag>
    </class>
</hibernate-mapping>
